ID,LATITUDE,LONGITUDE
1,37.36826853610903,-5.998488581641826
2,37.36795534758749,-6.000972390925228
3,37.36967177965392,-6.001901157827874
4,37.368107126770376,-6.003873716109226
5,37.36864349625916,-6.003495791554342
6,37.37035626337737,-6.002913351227603
7,37.369380675004706,-6.003591620936771
8,37.371309622336895,-6.002221924773964
9,37.36810060399491,-6.000729267791052
10,37.37100841522205,-5.997432259361516
11,37.36839104961886,-5.998861467653201
12,37.36955669568001,-6.0029006860494
13,37.3692649581471,-5.999863396639656
14,37.37036078680434,-6.002097724435629
15,37.36885778117747,-5.997838396119223
16,37.36849904451613,-6.002476327212155
17,37.37127787385163,-6.003543639490977
18,37.36872899818907,-6.002990863484119
19,37.36843699463917,-6.001425954296968
20,37.368766970738214,-5.999122796091821
21,37.36954797258405,-6.002053927281249
22,37.37043736785483,-6.003577516963861
23,37.368284193436224,-5.997941550836128
24,37.36899770976853,-6.002712888024206
25,37.3686848679323,-5.999413276513205
26,37.37114561565422,-6.003270572950035
27,37.37083529450591,-6.00415141110028
28,37.367983815849854,-6.003365595693857
29,37.36957864743779,-6.0001336244416965
30,37.3681901410105,-5.997759895384758
31,37.36930870957217,-6.003921190370488
32,37.37127011338716,-5.997318949297612
33,37.369635481288,-5.998774586583468
34,37.37100430340384,-6.002665509299781
35,37.36834445638548,-6.003001866781188
36,37.370905833189674,-6.0040444099555
37,37.37129108086842,-6.003519478720036
38,37.37114857823807,-5.998148986206961
39,37.369134542765906,-6.00415368566224
40,37.36852824699912,-6.002735394528756
41,37.368360137753136,-6.002897959663689
42,37.36901632374142,-5.999398040475765
43,37.37144003637454,-5.997562562550796
44,37.369551018033846,-5.999924813194061
45,37.36931623478192,-5.997556561506704
46,37.36929039278252,-6.000454554687016
47,37.36945847644335,-5.99769283576441
48,37.36787517300208,-5.998724112887918
49,37.36948592584668,-6.002294344221654
50,37.370180805576,-5.9985895005784515
51,37.36867196656092,-6.002522717699235
52,37.36883436133146,-6.0038613627314925
53,37.369059948347534,-5.997516018701032
54,37.36926483907371,-5.997320071913754
55,37.368132679498366,-5.999980487136586
56,37.36966907699241,-5.998328793293544
57,37.37068881660091,-6.003594313541652
58,37.36849929723981,-6.000083079785987
59,37.371431818648745,-6.00242797468086
60,37.36985978356006,-5.998514403035897
61,37.36956107227279,-5.998014619657029
62,37.3709037312872,-6.003759824129306
63,37.370413034260686,-6.001741480252262
64,37.36797933288121,-5.999834481155139
65,37.36953171496632,-5.999152152251422
66,37.36981371692319,-5.999870083151666
67,37.369714290020774,-6.000089073252287
68,37.369885902574524,-6.001403153694293
69,37.370748976842954,-6.002647414805898
70,37.37074834449787,-5.997710563100974
71,37.36958682236596,-5.997241597939425
72,37.370434478247795,-6.004129072873539
73,37.36824974416868,-6.000744859679062
74,37.36813953540948,-5.998213998695828
75,37.36935989255994,-5.998378206978864
76,37.368733313458634,-6.00191817843873
77,37.36887892590666,-6.003860844031612
78,37.37009576241932,-5.997738218484642
79,37.370902220214795,-5.999774458497242
80,37.37034985222511,-6.002865454233541
81,37.36906076741575,-6.003270044904531
82,37.3708084507228,-6.001282580822323
83,37.3698086919984,-6.002958842544926
84,37.37056376529604,-5.9982638943370645
85,37.37011971487158,-6.00063881629502
86,37.37026123935229,-6.00011247913604
87,37.36869614752816,-6.00168185342743
88,37.369855790215205,-5.997551169731606
89,37.37047424903094,-6.003376372499679
90,37.368897970567744,-5.999432701067038
91,37.371182446259745,-5.999184805320579
92,37.369076816362025,-5.997233802512921
93,37.36998821995258,-5.997711941623283
94,37.371098476191484,-6.000959283413773
95,37.37126190753975,-6.000154222148261
96,37.3699653334398,-5.999494492568945
97,37.37115333883631,-6.003256452809914
98,37.369426426812275,-6.000120142433998
99,37.36848486193469,-6.0033161210333565
100,37.37082047238153,-5.99741862732998
101,37.37074529156529,-6.002406175492216
102,37.36897906158217,-6.001378761611325
103,37.37108006337323,-6.00414863489037
104,37.3699687667014,-6.001745744974107
105,37.368132026748356,-6.003945094830755
106,37.371380038877476,-6.002902848068524
107,37.37103959661501,-6.000373717577436
108,37.36872777707573,-6.003007394914467
109,37.370715733866376,-6.00322762888099
110,37.36785341721698,-6.002058605493966
111,37.36876518653983,-6.001689507293564
112,37.36998199723253,-6.000637282832067
113,37.37099785708224,-6.00019534302925
114,37.3688792419653,-5.998410039496096
115,37.36959489146811,-5.9979048278562415
116,37.370873604102165,-6.0034241553870675
117,37.37001736131158,-5.997649647768983
118,37.369847616488926,-6.000141988558829
119,37.36859501011753,-6.003064859716427
120,37.370752285697584,-5.999634555851265
121,37.37004689088467,-6.002856966716877
122,37.368307423602346,-6.0009127496161785
123,37.36833894034816,-6.000558884841272
124,37.3709830286414,-5.997444929378031
125,37.36857165534015,-5.999451468264151
126,37.36884930475723,-5.9971883143165705
127,37.37023283895078,-5.997770275017084
128,37.369728579041315,-5.997877908556635
129,37.370088925826074,-5.999725068249266
130,37.368879025207384,-5.9975932730623605
131,37.367912764366054,-5.99871973484127
132,37.37037901249638,-5.998694759528261
133,37.36935265460284,-5.999878291239841
134,37.367853351687366,-6.003853697568572
135,37.3711403819223,-6.003054951912176
136,37.36864066972677,-6.002418053510212
137,37.36830613610702,-5.997225663239286
138,37.37108812561727,-6.0000702101444805
139,37.37113441470629,-5.998008487897096
140,37.37012125476541,-5.998095819615496
141,37.37003148695355,-5.998282815453466
142,37.36929541631226,-6.00050770593812
143,37.3694129718696,-6.004026261385256
144,37.368384164946065,-6.004065527956671
145,37.36885009528553,-6.00368292977125
146,37.369741132634125,-6.0040501174555745
147,37.36884640376412,-6.003739961042844
148,37.368175018122415,-6.0018984839508684
149,37.37127466193751,-6.0029534815795556
150,37.37111652658101,-6.000524645631445
151,37.37138512201755,-6.00098669881654
152,37.3713376604794,-5.997624062603166
153,37.370381301018696,-5.999573929786215
154,37.367900666327046,-6.003891676316382
155,37.370699300587084,-6.003637563229216
156,37.36935708954878,-5.999667893893855
157,37.37079072994486,-6.001879971109953
158,37.369992665552104,-6.001944339749574
159,37.368924740045884,-5.997539675373406
160,37.369409482120126,-5.999865701277941
161,37.37094766697068,-6.001643006812266
162,37.37111074439829,-6.000319213174929
163,37.368525468648485,-6.002507082448583
164,37.370487882165556,-5.998328605360475
165,37.37061778252601,-6.001171822021153
166,37.37144321262075,-6.001282846846357
167,37.36815219369759,-6.003548507124359
168,37.370771526213424,-5.998549910684612
169,37.37087230104301,-5.997479902138031
170,37.37055981841583,-6.00228150184993
171,37.36822229577391,-6.000440413703716
172,37.370832368649566,-5.998614471894737
173,37.371464485405816,-5.997938331579112
174,37.37022883446454,-5.997970249597406
175,37.37023170462778,-6.001231143078131
176,37.369804558469546,-5.998968001723069
177,37.3698285590361,-6.003760289838072
178,37.36837447385566,-6.001674551861609
179,37.36966168242062,-6.00330489349805
180,37.36836765281669,-5.998425404896389
181,37.36966751166267,-6.002311208566721
182,37.37008171543602,-5.997382945322239
183,37.36977159998251,-6.000914258519971
184,37.369432682434706,-5.9995893565940035
185,37.371035300510236,-5.999474989159069
186,37.36976198186704,-5.9983250775139805
187,37.371169696742676,-5.997665867054745
188,37.36992200920851,-6.00109233091262
189,37.37001652549218,-5.997628559144322
190,37.36915976834602,-5.998441674539971
191,37.36941187169648,-5.9988423214710105
192,37.36869429105755,-6.003390177286297
193,37.370346968513466,-6.003742924878366
194,37.369628491790934,-5.998584087646721
195,37.369655999248145,-6.001626947140917
196,37.37014921640373,-6.002030945370585
197,37.36868600089963,-5.998568347887591
198,37.370778812161056,-6.001953755667226
199,37.3710820710719,-5.999351869529865
200,37.36945865699492,-5.999944562875326
201,37.36991334756491,-6.003791959774096
202,37.369036436601775,-6.0032116136636935
203,37.371451365610724,-6.000085222890258
204,37.371116246940325,-5.999354790050575
205,37.36967076755763,-5.999218226330769
206,37.36869433583796,-6.00336300822489
207,37.36806890867242,-6.002230629928982
208,37.36862321942158,-6.002871553859417
209,37.370073871611496,-6.000748887014937
210,37.36930216153501,-6.001513909123422
211,37.370492271786404,-6.001217129575063
212,37.369163860468525,-6.003759979636431
213,37.37055231948372,-6.002589672777843
214,37.36888868305699,-5.999434996633128
215,37.36797444013641,-6.000006095572975
216,37.368019664100615,-6.001495657293502
217,37.36895325871063,-6.003842464879891
218,37.36885763624838,-6.003804778093207
219,37.36860194119435,-6.000219775860101
220,37.370458872767536,-6.001890787327449
221,37.37099653851263,-5.999432131876733
222,37.368745224162545,-6.000802266058703
223,37.3692417178365,-5.9988263391829175
224,37.37038354083851,-5.998059260531165
225,37.371464865185885,-6.0002069036796035
226,37.370979875609535,-5.999008292601726
227,37.368457685289385,-5.998583949200997
228,37.37132607146663,-5.999219193527114
229,37.36890273363421,-6.003061129816437
230,37.371208057570314,-6.003699659289585
231,37.369637646050684,-6.001593946750884
232,37.36884160461763,-5.998362499541585
233,37.37055521788555,-5.999871350810121
234,37.370198334380895,-6.000654180701184
235,37.370291005425926,-6.001438699382292
236,37.37026979724253,-5.998519680937486
237,37.36816988305678,-6.002115101950505
238,37.37017005648494,-6.001260642018276
239,37.37006922264996,-6.000903270074862
240,37.36973345276779,-6.002974957210579
241,37.37030494938521,-6.004184427464059
242,37.36850838304421,-5.997496965169128
243,37.370901250934395,-5.9978864096819935
244,37.36900334145692,-5.998387721168732
245,37.368197509144046,-5.998171642766364
246,37.37147027280279,-5.99720327461688
247,37.36867614535149,-6.002200887306272
248,37.36905751662465,-5.997773887771822
249,37.3687270008068,-6.001507232889764
250,37.368755074683534,-6.003433169549926
251,37.3701497848712,-5.997173512903473
252,37.370932598949565,-6.000289815768067
253,37.36905097512294,-6.000605090192813
254,37.36827756413849,-6.002191800843166
255,37.36826590133053,-5.997724051701853
256,37.370854077665165,-6.0041609814895756
257,37.3691671706296,-5.999330564658
258,37.36788285034699,-5.999486080908487
259,37.36924161075523,-6.001992382665827
260,37.37081676408345,-5.999075967927975
261,37.36917407807572,-6.00079775168455
262,37.37051169594432,-5.999335788388771
263,37.369521395084796,-5.997793174155218
264,37.37056805378111,-5.999613393973549
265,37.370094630360896,-5.997890506555187
266,37.369107244571744,-6.004008508788052
267,37.368655433194874,-6.002812650879913
268,37.37047495406675,-5.999442935074369
269,37.369175968275385,-5.999517131925169
270,37.370482297822704,-5.997759346103002
271,37.370528595193726,-6.000942824573764
272,37.368645842002664,-5.9975534128561065
273,37.3701962071769,-5.9986450424167055
274,37.36894571831761,-6.0016895626930475
275,37.371003431910985,-5.99865370595974
276,37.369088209658365,-6.004208469805659
277,37.36873688238301,-6.004160418028601
278,37.36846819064244,-5.998679404926513
279,37.37097791311187,-6.00276761448211
280,37.368758157568166,-6.001252557384223
281,37.36793204482384,-6.0027926049505185
282,37.3683504126831,-5.99970724903574
283,37.37139059144562,-6.003992615226905
284,37.36890181164152,-6.0042157040590585
285,37.37134163452758,-6.002289138408241
286,37.368670831838244,-6.001203782631031
287,37.37111494578074,-6.0021227268875545
288,37.36958301740495,-6.001624420531363
289,37.36915356464935,-6.001557592130033
290,37.37145081493944,-6.003073839775971
291,37.36996810358031,-6.003502279922365
292,37.37011031075766,-6.003357000046107
293,37.37055647633703,-6.001615350810913
294,37.37090372692858,-6.000235716447061
295,37.370933315522045,-6.002103509715504
296,37.3697701089926,-5.9990932598532964
297,37.36788970789679,-6.002710343455844
298,37.36855283948646,-6.0025846715531745
299,37.36952674965713,-5.998862067594308
300,37.370999568600034,-6.003839972297845
301,37.370651532955684,-6.000068384880521
302,37.370521792610845,-6.003500806043471
303,37.371075106365204,-5.9989274889001445
304,37.371273590802424,-5.999817611122255
305,37.371052095358245,-5.998946623286811
306,37.368899208062274,-6.000934176778908
307,37.37145878280246,-5.998894836452582
308,37.369753910576065,-6.003834715835293
309,37.36916895918904,-6.001382589003974
310,37.36951473208414,-5.997685710358196
311,37.36985785584631,-6.003441953101622
312,37.370068680121555,-6.002180066213991
313,37.371435523419706,-6.00222753656505
314,37.36988937788051,-5.998120467388968
315,37.36995319682793,-5.998126973219452
316,37.37037192782894,-6.002203036527279
317,37.369061737441086,-6.003890430960733
318,37.36821881849387,-6.001766482516806
319,37.3688748355041,-6.002872287233584
320,37.37037879852216,-6.00407516646154
321,37.37082206095916,-6.000195913205836
322,37.36861543526454,-6.004064717010397
323,37.36971639667618,-6.001729544809102
324,37.37027878243655,-6.001709635539142
325,37.36972356941812,-5.9984091209809876
326,37.36842390074039,-5.9984745855437716
327,37.369915543007636,-6.003532540740984
328,37.36923966811031,-5.998922561508912
329,37.36966450059385,-5.999737250455071
330,37.36934798442217,-5.999397396157948
331,37.37143233067104,-6.002611871236411
332,37.36891686380948,-5.9990202328056235
333,37.368918784258064,-5.9999057995721765
334,37.368802001397306,-5.997943867385307
335,37.3685393074086,-5.997218150392984
336,37.3702549053875,-6.000605911480084
337,37.36909403098414,-5.997752556686484
338,37.368314049920414,-6.000376943700619
339,37.369563574340674,-5.997533638123089
340,37.367854609788935,-5.999805202429868
341,37.369820617031046,-5.999353821223529
342,37.369072023160726,-5.997445075919522
343,37.369484850843165,-6.001002091625845
344,37.37118499133908,-5.997989005472092
345,37.37091778461941,-6.0006185708027395
346,37.368104334713,-5.997406828361966
347,37.37137164432653,-5.998707024114627
348,37.370121786443136,-6.002450451992657
349,37.369986569328304,-5.999721820143276
350,37.370220177824145,-6.000336124213963
351,37.368344117595214,-6.001824334976693
352,37.36784334387526,-6.0032312593083805
353,37.371461423601325,-6.00180821668336
354,37.368924242990325,-5.99759281439044
355,37.369762068357765,-6.002309083227614
356,37.368386490601324,-6.001313827574272
357,37.369735085719306,-5.997324767373316
358,37.36859529490092,-5.997670964113508
359,37.37136086111028,-6.002482670506205
360,37.37025529429532,-6.000313561035139
361,37.36822770518227,-6.002166691717863
362,37.37107546152842,-6.001040671834695
363,37.37120009801204,-5.999134577826867
364,37.36917008979054,-6.0016958244208825
365,37.36816714898911,-5.999685542675081
366,37.37026714188867,-5.997972715824494
367,37.36848695291257,-6.000824033976119
368,37.36928155120896,-6.000317544704983
369,37.36908843757952,-6.003898421437111
370,37.369538589916374,-6.002040835589425
371,37.36870035931325,-6.000057053077278
372,37.37086931499126,-6.0036224874115165
373,37.37079110255103,-5.997309615526394
374,37.36991646893048,-5.999477806296877
375,37.37073365456004,-5.998905680292936
376,37.368731663838304,-6.002133824493601
377,37.368560115094034,-6.003685591254973
378,37.368600038135305,-6.00001192807402
379,37.37042627969692,-5.997586967853449
380,37.371030989833535,-6.000263508367953
381,37.36849759636721,-6.003706231843752
382,37.36874550471929,-5.9989408750014945
383,37.36810279680035,-6.000866071276973
384,37.3696734123233,-5.999463912656835
385,37.36843639876048,-5.9989453338476055
386,37.36895793845344,-6.003530823650067
387,37.37004310337676,-6.00252305266807
388,37.37064920720185,-5.999748661728442
389,37.370260651389295,-5.9977687234181145
390,37.36822417937146,-6.001991775404881
391,37.371284256122664,-5.9977417729142415
392,37.37099562292253,-6.002621824238728
393,37.36889433810935,-6.003933807985963
394,37.36812648192648,-6.001783893732651
395,37.3705817102985,-6.001327427659193
396,37.36801643530018,-5.998633477344883
397,37.36874823266138,-6.002858284551629
398,37.371208202034786,-6.0040987932100345
399,37.368277553851655,-5.998364609622628
400,37.3706303486629,-6.003624529057827
401,37.371023024891194,-6.001248969900348
402,37.37071683743939,-5.9994417238875135
403,37.368220957731026,-6.003109222567447
404,37.36923630806211,-5.998651642529937
405,37.36792403754442,-6.004150653195506
406,37.3689295124599,-6.00386606072296
407,37.369838266163505,-6.003625889749414
408,37.36894783573791,-5.997965439212296
409,37.36825826179877,-5.997906291324522
410,37.36848802767321,-6.002832297096066
411,37.3699093666645,-5.997715558193216
412,37.37144533738158,-6.001237808946403
413,37.36807607246669,-5.998238365671405
414,37.36984726239476,-6.0022711538922255
415,37.37081131403133,-6.003881962442521
416,37.369126237467064,-6.0034878443900785
417,37.37082230723729,-6.00182469944636
418,37.36957248609223,-5.999616364247412
419,37.36966323261794,-5.999102996265194
420,37.36943040027938,-6.002214921665762
421,37.36862516239064,-6.00064726833424
422,37.36946290454772,-5.99866317073816
423,37.37120714861472,-5.9984672720218235
424,37.36809430280914,-6.002977213469456
425,37.37012094373423,-6.000053551295424
426,37.36836879577931,-5.999721196846962
427,37.368811198169986,-5.9998573727031586
428,37.368575525173846,-6.001763080851037
429,37.37119649045718,-6.001683891446038
430,37.36886468560289,-6.003129111810102
431,37.36946187822504,-6.003815480595456
432,37.36847523894392,-6.002893655459687
433,37.37135415438583,-6.003991065782922
434,37.369999605088694,-6.003730933233112
435,37.36841441156898,-5.998637694526891
436,37.37089474889901,-5.997395841311964
437,37.36860807493205,-5.99796186632223
438,37.368776435236775,-6.004011020219943
439,37.37046455488961,-6.002178228046217
440,37.36973821463673,-5.998317704798325
441,37.37005274745487,-6.002986102185838
442,37.369781364400644,-6.002968552114693
443,37.36995938270437,-5.998693544531172
444,37.3711570131019,-5.9973809036860874
445,37.37063748101397,-6.001623413113211
446,37.37111068573868,-6.0006411463147185
447,37.371021139210505,-6.003618296302834
448,37.37117364762467,-6.002768021134428
449,37.367939855784755,-6.000880131272747
450,37.36842735048174,-6.001328803092714
451,37.370741628955166,-6.0034740773871835
452,37.36834355121455,-5.997611055993927
453,37.37134540362134,-6.002909222183462
454,37.37145106096598,-6.003447894324318
455,37.368260254707195,-6.002640592692712
456,37.37000093437605,-5.9996107405224155
457,37.36909879659721,-5.9994210672292585
458,37.36811297244061,-5.998207642267761
459,37.36985977489459,-5.997954060294194
460,37.3683025761499,-6.00117360772767
461,37.36788450193834,-6.002389888445442
462,37.37018408306519,-6.001745246230014
463,37.368589883957185,-6.001786962672163
464,37.3681911353694,-6.001030834258221
465,37.369158893487224,-5.999621563417509
466,37.36910619334778,-6.003576755973055
467,37.36789324310984,-6.001093161678635
468,37.36914427758724,-6.001443487542269
469,37.36959433583186,-5.999400130135451
470,37.36825999379119,-5.997862055481471
471,37.368340621113354,-6.003411170996735
472,37.37049452383127,-5.999222425785155
473,37.369393468225276,-6.002369989851603
474,37.37143221800464,-6.001934510621015
475,37.370002673248415,-6.001820334915149
476,37.37004454105169,-6.001317766123833
477,37.367882939502344,-5.99729241913791
478,37.368453192865736,-5.999980646501808
479,37.36899625387347,-5.997472662739612
480,37.37134951075233,-6.002010331893262
481,37.3690532968999,-5.998432435381806
482,37.368493045254915,-5.997785057026755
483,37.370990535460585,-6.003146753745175
484,37.3687680806332,-6.000072157426472
485,37.36997835442042,-6.000948815999682
486,37.37088745620652,-6.001582995027051
487,37.37047402091015,-6.001755389819311
488,37.369260323500654,-6.000335979711181
489,37.36799300835531,-6.000008172749093
490,37.37049258008647,-6.004016896881183
491,37.36888396648392,-6.002283966279073
492,37.368976972678425,-6.002871394229432
493,37.37125896501789,-6.000916868401584
494,37.368799255140985,-5.997424123513812
495,37.37023812225655,-6.002813333525665
496,37.36983996556904,-6.004189829832865
497,37.369283712645476,-6.002253993714868
498,37.37089693326386,-6.002826672103104
499,37.371333093256425,-6.003570813840548
500,37.36788041928221,-5.999033868540283
501,37.369487521671495,-5.998361506114866
502,37.371391976771804,-6.00331361858824
503,37.36792175340193,-6.0020845801241345
504,37.36957456918874,-5.9999796021392955
505,37.369818083226924,-6.000926673699891
506,37.369730567686005,-5.998475653012645
507,37.3704351407238,-6.003169259063778
508,37.369534585253135,-5.997883819189458
509,37.37109727978992,-6.003005772469887
510,37.36862647553642,-6.001946024951953
511,37.37095005959578,-6.0033755049600135
512,37.368269187289116,-6.000858766356079
513,37.36820629090995,-6.002095179744447
514,37.36909097202965,-6.0025167871346055
515,37.368982825625146,-6.002048680070249
516,37.36913767588399,-6.004080464734296
517,37.37079894123185,-6.000609268300818
518,37.3709131267527,-5.998875468200855
519,37.36797271001172,-6.003901577006985
520,37.36917123859792,-5.999472994364333
521,37.37027716935955,-6.004047299887791
522,37.36886559375903,-6.0017549007192965
523,37.37092575176708,-5.998537983168173
524,37.36896793388168,-6.001337637274082
525,37.368526911006605,-6.00074284020251
526,37.36800594109486,-6.003792472050364
527,37.37031599028649,-6.001591543507088
528,37.36853439481014,-6.002501968506402
529,37.36929585122508,-5.997622941604336
530,37.36820267162578,-5.997645577572012
531,37.3694854210446,-6.0034796130169985
532,37.37086463293524,-6.0000946300560996
533,37.369897157776656,-6.002110913198727
534,37.368357674364454,-5.999034678661658
535,37.36947660833101,-6.002394606263892
536,37.369861216920484,-5.997705816637868
537,37.36845825982019,-5.999767927769022
538,37.37076940597574,-6.001426942311452
539,37.36931500103762,-6.001107575881261
540,37.3697341797849,-6.003346166171817
541,37.37142528256975,-5.999280500165818
542,37.37068363501883,-6.0003722527109815
543,37.370765340925985,-6.000668741711475
544,37.371046554460996,-6.001449123758091
545,37.36877844939614,-6.000374204998413
546,37.37089589188698,-5.997658705509645
547,37.3684338162131,-6.000137615283677
548,37.369189620884356,-5.999941983021532
549,37.370592040430566,-6.003775650220172
550,37.36843749883387,-5.997947837383743
551,37.37059695729541,-6.0039461858351295
552,37.370137060262856,-6.002342601577374
553,37.36823368908909,-6.002555111892451
554,37.3694899867416,-6.000822967083244
555,37.371056914580336,-6.003182446421996
556,37.37005761193142,-6.003881973625098
557,37.37111580398748,-6.00221698998525
558,37.37018853267982,-6.002697186083915
559,37.370558603836244,-5.998255422571565
560,37.36970413473559,-6.00179759731708
561,37.37057224379789,-6.000661588918513
562,37.36809062190468,-5.99862758952319
563,37.370771498826194,-6.000683831845892
564,37.36855343558712,-6.002221772720657
565,37.36848285000357,-6.002223283240453
566,37.36935950622095,-6.000877942823406
567,37.36787560358178,-5.997197158596267
568,37.36876430176109,-6.002402736195437
569,37.37115343771171,-5.999673664190387
570,37.371170660144195,-6.000061620667405
571,37.36924265881108,-6.000361226893449
572,37.36944309026391,-5.999658196921654
573,37.36982380312659,-5.997371764236271
574,37.371429889427176,-5.9988495372803285
575,37.37051002533915,-6.002072217872189
576,37.37122232161686,-5.999370993666482
577,37.36852720757626,-6.002556597284053
578,37.36794589697601,-6.003989836114258
579,37.368020924606824,-6.000198687993249
580,37.36816714780849,-6.002465370329883
581,37.36951207111812,-5.998715435125097
582,37.36795218094281,-6.004000546789623
583,37.36808718731255,-6.001388789283436
584,37.3685341766128,-5.998166571608824
585,37.37135792194106,-6.003246914128368
586,37.37027594210477,-6.0022537554752216
587,37.37043816354245,-6.00045492856482
588,37.37026225439786,-5.997186197066639
589,37.36982357480349,-6.001327612365741
590,37.370978604240875,-5.997371603627147
591,37.36825389503246,-6.003307437187987
592,37.36849725498258,-6.000724671408272
593,37.36942125800115,-6.001297842419268
594,37.36935274136479,-6.000342069961447
595,37.37044124705552,-6.003072866120096
596,37.37072366440358,-6.002601070092802
597,37.37134985331298,-6.004163106032922
598,37.370024637166985,-6.002214888096709
599,37.368033106592705,-6.002396148178495
600,37.370499359844864,-6.003867396414973
601,37.37032087304649,-6.00280848452693
602,37.37139327146181,-5.999362664792501
603,37.368772034774736,-6.002085720024762
604,37.36928282677706,-6.003383245575724
605,37.36905324284871,-6.003818368460703
606,37.369893970659575,-6.00385152304746
607,37.37095011266622,-6.001289003523168
608,37.37007210316804,-5.998016046596228
609,37.36956593509094,-6.002520240023462
610,37.370943554001265,-6.001071789023231
611,37.3709784630423,-5.9996604153231585
612,37.37135820616375,-6.000755371623822
613,37.37081308140542,-6.002659703609319
614,37.37088018726627,-6.001926982628304
615,37.3711051992447,-5.997938503039102
616,37.37067761156122,-5.998689094001451
617,37.369193184324835,-6.003324531532083
618,37.370976369847,-6.004118632683904
619,37.36857982415249,-5.999992890347553
620,37.36992098589149,-5.997633331280065
621,37.36812243305414,-6.004132934005058
622,37.371108491929384,-6.002194138875245
623,37.368403739223865,-5.997835828480962
624,37.36814463592259,-6.000862010782759
625,37.369377281743624,-6.0014557223612
626,37.37014583073057,-6.001950306318658
627,37.37019249001867,-6.002850037052525
628,37.36855651158038,-5.999947819492702
629,37.37031088736947,-6.001816504342766
630,37.36918855493077,-6.002017098300931
631,37.36864630346787,-5.998004620873902
632,37.37044988672466,-5.999720043325822
633,37.37080550479624,-6.000643722080917
634,37.36885190736627,-6.001310549190845
635,37.36818241290782,-6.000019884515553
636,37.36919073543296,-6.00219765905672
637,37.37044710333389,-5.998931069587871
638,37.37069141541805,-6.003657305785539
639,37.36807025322465,-5.9991580759430025
640,37.37016366105776,-6.002082367486561
641,37.369522338149835,-6.002698369407647
642,37.37010694205139,-5.9995688532643925
643,37.37074417791215,-6.004147794810805
644,37.36836233490223,-6.00387527148547
645,37.37099192235524,-5.997812926595153
646,37.3693004218338,-6.004103236102791
647,37.36882383781223,-6.003879482360224
648,37.3685814034975,-5.9977653687830355
649,37.37040119393203,-6.000076274449962
650,37.370684906779076,-5.999622827348717
651,37.37144379811672,-6.00414074768199
652,37.36940871602439,-5.99978882541124
653,37.3706774797349,-6.001141080557739
654,37.37144908935155,-5.999255949238399
655,37.369315429283084,-5.999980311067827
656,37.36801645279217,-6.001245974608047
657,37.37096261633054,-6.003721166832039
658,37.3699890432515,-5.999334317897958
659,37.369944351364836,-6.000748366183014
660,37.36964989816105,-6.0006805029231165
661,37.37064842953522,-5.999442546373805
662,37.367886510208336,-6.000229990275881
663,37.37115629596316,-5.9976474996925715
664,37.368650856990996,-6.001956459364768
665,37.368937169917096,-5.997922230041701
666,37.36924944606816,-5.998544115264143
667,37.3687712659361,-5.998776361699164
668,37.37031482757931,-6.001918167642949
669,37.368162641764606,-6.001193139008559
670,37.37120774718648,-6.003500820556263
671,37.36843611717088,-5.998142782884205
672,37.368577822697446,-6.003820496818963
673,37.368150558513705,-6.001381413040649
674,37.370945235755244,-6.002479021061968
675,37.36874129172893,-5.998563316622292
676,37.37082828965419,-6.004059879317769
677,37.369631733328205,-6.0006425272475585
678,37.37012718210043,-6.003849208390953
679,37.37078407929505,-5.999193246609928
680,37.37013847855285,-6.003608102489355
681,37.3691687394272,-5.9987629262031765
682,37.368128020184216,-6.001117245664265
683,37.37106589095526,-5.9991049054993795
684,37.36899058778709,-6.00283352805698
685,37.3691619191518,-5.99923079758292
686,37.371402850592524,-6.002004437069241
687,37.37111707575922,-5.9986967934159985
688,37.36933475748661,-5.999241568533409
689,37.37129156037107,-5.9992536398503145
690,37.37087706641778,-6.004031673112516
691,37.36993531932096,-6.000991203681093
692,37.36809812892074,-5.99957879252008
693,37.371084790657065,-5.999974212918114
694,37.37060026661921,-6.003164705511331
695,37.37011800837519,-6.002271732268889
696,37.36964010189182,-5.998210236555523
697,37.37006129535033,-5.999285693095471
698,37.370108553486816,-5.998365381429825
699,37.36869212960176,-6.0025130812179786
700,37.3709988878938,-5.99992870600373
701,37.37067363209309,-6.002222786130306
702,37.37043547901945,-5.999561457783588
703,37.3704056877107,-6.001036913670596
704,37.370626185444394,-6.001221445592686
705,37.36881892395991,-6.002940518252084
706,37.36905667941291,-6.000458927122529
707,37.37101676770214,-5.998385190073877
708,37.369999994209756,-5.997616506059743
709,37.36812345051911,-6.001357728534858
710,37.36964788831861,-6.002854275512919
711,37.36988543475006,-6.00107717587013
712,37.370801106394985,-5.999003069102019
713,37.37115244906656,-6.0029784367425165
714,37.37137838324602,-5.999250795674638
715,37.371333266548376,-5.998611372143252
716,37.37079792226656,-6.0018182887214575
717,37.36877688767443,-5.999266148407247
718,37.37115872053875,-5.9982776652995
719,37.3692079100978,-6.002741678215337
720,37.37085889979317,-5.9980758887126315
721,37.367870141600164,-6.000513977287905
722,37.37033508918564,-6.003234546332212
723,37.36835312954048,-5.997225144081613
724,37.37018703847402,-6.001204188907009
725,37.368964822112254,-5.999436030549687
726,37.36815267984156,-5.997913941651434
727,37.36951921507801,-5.998651273115648
728,37.368555100264345,-5.998662344888955
729,37.371009918374114,-6.004219313938641
730,37.3705075124795,-6.000735649073013
731,37.36993452661915,-6.0024642251494535
732,37.368189564524265,-6.002598168944468
733,37.36883781106364,-6.001885131357532
734,37.36883944366688,-6.002641398511096
735,37.371228106083585,-6.0036072942895045
736,37.36811424660018,-6.000108808085891
737,37.370995005330094,-5.998557044198139
738,37.3710271971226,-5.998039687656626
739,37.37023721938866,-6.002517797072667
740,37.368647878673485,-6.00071252040686
741,37.36855091652962,-5.998662573973545
742,37.36930269164112,-5.997661297967697
743,37.36886212383058,-6.002794098848096
744,37.36846515339702,-6.001484317490026
745,37.36794860912635,-5.999727082514453
746,37.37089480852544,-5.999114351782994
747,37.36970760335449,-6.002170812380781
748,37.369063420691695,-6.003942999630521
749,37.36924232142576,-6.00361803013124
750,37.36806908298462,-6.002921210282227
751,37.370382137501,-6.003817010662921
752,37.37136282272953,-6.002647748198042
753,37.36869979054024,-6.003781516909771
754,37.37141108469202,-6.003056948517949
755,37.36802487167454,-6.001903435948749
756,37.36927074493151,-6.002832791591199
757,37.36935951409796,-6.000836610076121
758,37.36930970677074,-5.999352339059466
759,37.368306908550075,-5.9993579417423915
760,37.36946461682257,-6.000254267749838
761,37.36855692919068,-6.00036188497289
762,37.3687710854021,-6.0017711213152545
763,37.37061902844358,-6.00237408951977
764,37.371106979403,-6.002289749550053
765,37.37135473113971,-6.001382046389791
766,37.36855591946214,-6.004171602060009
767,37.36933480609103,-6.004124597333783
768,37.370470023758905,-6.000865291992609
769,37.3688052307738,-5.999502003861381
770,37.370907837850126,-6.000568137629706
771,37.36787087541697,-5.997247918160709
772,37.36964596115379,-6.003883818463628
773,37.37042147714691,-6.003672598372782
774,37.37054974769911,-5.9988771136464845
775,37.36981331808638,-6.003861539433025
776,37.36916063106258,-6.003752294236175
777,37.369730250167095,-5.997328078076364
778,37.368437023143635,-5.998044407121154
779,37.36971021977209,-5.999818198570324
780,37.36817662512069,-6.001705705804548
781,37.37035460493452,-6.001666596387933
782,37.36925631619373,-5.999771356374618
783,37.37122470787278,-6.00153847178151
784,37.369775521326495,-6.0026878649086335
785,37.368710150193614,-6.003397566688946
786,37.371326341713576,-5.997461353680929
787,37.36839160831085,-6.000108717786558
788,37.36828887904491,-6.001288192486119
789,37.369521956595584,-5.998373197975462
790,37.368904625103305,-6.000692802709991
791,37.370128985522236,-6.003251517557109
792,37.37117992151942,-6.00134799589143
793,37.36841473558043,-6.003090733228135
794,37.3691878347791,-6.000567367882699
795,37.36800225571314,-5.999996868851303
796,37.36912218794563,-6.000032750202034
797,37.36912510491129,-5.997487283040216
798,37.36791184761498,-5.998179143450777
799,37.36816018767148,-6.003820519502629
800,37.369216326670625,-5.999203159855694
801,37.36961867430455,-6.001042885725554
802,37.368124406804604,-6.00107171425758
803,37.369549520276095,-6.0002470895699735
804,37.37124725577797,-6.003996020674105
805,37.36797744269779,-5.998146650464731
806,37.3702150871102,-5.998604488118773
807,37.370451165682894,-6.002918133155975
808,37.370693606737035,-5.999037897981692
809,37.36953330533138,-6.004185705328624
810,37.37009381647145,-6.000936951731554
811,37.36835542265152,-6.002339431730278
812,37.37058332857712,-6.003524267920582
813,37.369336249638444,-5.998263021115399
814,37.370091066356714,-6.00236440732967
815,37.37011591956135,-5.998565605658666
816,37.3704080317173,-6.0001964340378455
817,37.36924649722996,-5.999819972821273
818,37.36970524224064,-5.999507787170738
819,37.368585693876966,-5.998033408253988
820,37.37031111871073,-5.9997527057205415
821,37.36918662774022,-6.001561845204261
822,37.369360326970394,-6.004102456621791
823,37.369059088306884,-6.000827550853561
824,37.370883084543074,-6.003691595014683
825,37.367960684511814,-5.997525760556211
826,37.36875990894505,-5.99938830267868
827,37.36813770600631,-5.997432386770675
828,37.36809258917722,-5.9993615000628235
829,37.36818498221547,-5.998997123320889
830,37.37008119291369,-6.000863470773148
831,37.37037079064852,-6.003129451594448
832,37.36974698988945,-5.999303021871072
833,37.36859438276765,-5.998350855104487
834,37.368800184966084,-5.998579419956737
835,37.369131085248775,-6.00154574034514
836,37.36947719477234,-5.999601015793639
837,37.36906518384134,-5.999866882203829
838,37.370856919525394,-5.999853652701432
839,37.37023352760102,-6.001809117788013
840,37.36996584336441,-5.999953722356699
841,37.36789006648833,-6.0004058783000565
842,37.369922750347286,-5.998904368274988
843,37.370776990430315,-5.998512834010161
844,37.36802347945129,-6.001452069169689
845,37.36913169465794,-6.0002316178325
846,37.37074970641936,-5.999902115218613
847,37.37118787478886,-5.999713402555647
848,37.36790272946627,-5.9979065535795995
849,37.369099898605064,-6.002786532927593
850,37.37128971187774,-6.003498891803915
851,37.370014702017144,-6.003016767976961
852,37.370976446112635,-5.9975965908432425
853,37.371072600085405,-6.0035160188075105
854,37.37077440885704,-6.003120498852917
855,37.37116447940702,-6.002968562199177
856,37.370073410020964,-5.999388226937706
857,37.36858137205868,-6.001853373995898
858,37.36918380170102,-6.003120602797902
859,37.36810292562579,-6.001937853022454
860,37.36922480140253,-5.999233849254503
861,37.370802698852614,-5.999103448972137
862,37.37049109933427,-5.997658869540184
863,37.37120910052277,-6.004162452327123
864,37.36943971419795,-6.003329791187373
865,37.370963831575395,-6.000883877462971
866,37.371158690101616,-6.003968807739313
867,37.36971599836387,-6.002907194465556
868,37.36863304397453,-6.001581067109874
869,37.368115583683846,-6.00152046789398
870,37.371468982971734,-6.001791511419279
871,37.36977035487674,-5.997310579152597
872,37.37000434381202,-5.9997158111290085
873,37.36877370979274,-5.998788819598531
874,37.37069564683656,-5.998096860829454
875,37.371362742761576,-6.00402959773369
876,37.369306157793545,-5.997401972319001
877,37.370962448176975,-6.000253783110191
878,37.36856410714588,-5.997754631549389
879,37.36950721442516,-5.999161823258521
880,37.368717252167265,-5.999562472452792
881,37.36815971919859,-6.003287011059931
882,37.36935356408089,-6.002122145035511
883,37.37145234190796,-5.999446399093338
884,37.36817368635395,-5.998820025502144
885,37.36989868411709,-6.003236810793241
886,37.37120764587758,-6.002302005118651
887,37.371096208151805,-6.0032704479696335
888,37.37137866875606,-6.00106817993226
889,37.36908745664838,-6.001242281252676
890,37.37123730665331,-6.000750287759828
891,37.37101864144687,-5.999706836937158
892,37.370591543566285,-5.998671262780816
893,37.36990310654169,-5.9986854940823084
894,37.3698205992551,-6.003116276977526
895,37.3713582142637,-5.998650798644147
896,37.37024319554076,-6.002687979302817
897,37.36960969822569,-5.99772277956755
898,37.369264649223645,-5.998547477326084
899,37.36948400409973,-6.000469909735633
900,37.36811377661867,-6.002297520640626
901,37.3705764290679,-5.998626046043219
902,37.368168340719016,-6.001734537102269
903,37.36796466176047,-6.000223609348207
904,37.36949075262766,-5.997538499052589
905,37.37085339286007,-5.999871929656025
906,37.3692923898983,-6.003947302068246
907,37.37015053333546,-5.99748552691266
908,37.36916291667228,-5.999980364017565
909,37.37050729555302,-6.002869475142927
910,37.369865320349454,-6.004161890443687
911,37.370217287829284,-6.002287051578027
912,37.368697778166926,-6.003134602739921
913,37.367846818270294,-5.997540378893117
914,37.36878011408598,-6.002203715736198
915,37.368793605626735,-5.998552359348319
916,37.36972073053074,-6.003270284797384
917,37.369501428285524,-5.999087746289452
918,37.369394719642834,-6.001176795899193
919,37.370974888434525,-5.999743652400195
920,37.37039420111562,-6.001957209557613
921,37.370434345699024,-6.00200056761824
922,37.370726881706844,-6.001032237134421
923,37.369410773278545,-6.0022458320576995
924,37.370401767157574,-5.998071507536526
925,37.36870209661689,-6.002565922389468
926,37.370841974620014,-6.000693998338106
927,37.36804041410239,-6.00014903939644
928,37.368235960353324,-5.998239762240875
929,37.36908253131191,-6.002187046391991
930,37.36959729340901,-6.003628454439504
931,37.37065853050995,-5.997233370553714
932,37.36889122295347,-6.000896057105556
933,37.369039718648274,-6.000670014078108
934,37.3693758979724,-5.998954565011384
935,37.37064115165827,-6.000368822439585
936,37.368907842854256,-6.003253970103842
937,37.3713327378235,-5.998650834278061
938,37.37144616846241,-6.00316646009511
939,37.369565714730044,-5.999214295461478
940,37.36850389996169,-6.0036302220252855
941,37.368659344285774,-5.998071211504785
942,37.36799893700392,-5.9996477154052705
943,37.36919882660837,-6.001621003727921
944,37.36911568244402,-6.000459613882072
945,37.37010422546169,-5.997227712642146
946,37.37026666931168,-6.001766986946702
947,37.37068777474233,-6.001645340955026
948,37.36903803014381,-6.004076751781285
949,37.368543390301724,-6.000761373439805
950,37.370018055686984,-5.997429683727814
951,37.36908535789715,-6.000786163306352
952,37.36983558959318,-6.001332428284525
953,37.37063393478151,-5.999649792636562
954,37.36866648188967,-5.999812905981546
955,37.369652989355224,-6.002332243692642
956,37.36906076859275,-5.999808581906053
957,37.36872994774585,-5.998290194439691
958,37.3693288216812,-5.997524597345107
959,37.37087078120814,-5.9979521951598995
960,37.37060377910916,-6.00305644978109
961,37.37074874591495,-5.997357967222794
962,37.36985615399174,-5.999749705108977
963,37.3689788800023,-6.000383302215101
964,37.36976810317429,-5.999037666222368
965,37.369441474646166,-6.000262121286577
966,37.3691720709167,-6.001395270719518
967,37.37042007708404,-5.999458567274517
968,37.37066933560743,-5.998729547088
969,37.370358503609026,-6.003023262412293
970,37.36881469920475,-6.003706976498195
971,37.36943933184352,-6.001531436346413
972,37.36922600033097,-5.9975497517482355
973,37.36893577582593,-5.999405302049487
974,37.368607216131515,-5.997811351863099
975,37.36942665683079,-6.00359408219026
976,37.369210970240964,-6.000821781837701
977,37.3709548975026,-6.001361318191738
978,37.369883957011446,-6.001054799071584
979,37.37011043221791,-6.0007180680710785
980,37.369523126032384,-6.000884159971164
981,37.36913083790031,-6.003774084230965
982,37.369117603354795,-5.9979886580794375
983,37.36898943606828,-5.999166069792853
984,37.370752202612294,-5.998568763442235
985,37.37089227036392,-5.997978165363539
986,37.370370886101455,-6.0023464178919035
987,37.37064870882859,-5.998300036376434
988,37.368821379381544,-5.998315363858473
989,37.36914235048741,-5.997776432223957
990,37.367925263567564,-5.997939684735315
991,37.36905147654164,-6.003971916218011
992,37.36963594303241,-6.000046603779163
993,37.36936422318029,-6.0023402487756305
994,37.36954311553848,-5.99836828043999
995,37.36944174268358,-6.001789040271941
996,37.37018208615911,-6.002242999340934
997,37.369759921198415,-5.999225448195
998,37.37006202467274,-5.999449471322193
999,37.3711131604555,-6.002764414024421
1000,37.36907073748965,-5.9984897051211
1001,37.36912491283886,-6.003780367929716
1002,37.36863718292026,-5.998568983482065
1003,37.36790054254588,-6.004119842344419
1004,37.3692369620823,-6.002217928272827
1005,37.37076414612008,-5.999039764210306
1006,37.369592184375016,-5.999783190361572
1007,37.37067991114654,-6.000461241407923
1008,37.37055633769482,-6.0015344977796765
1009,37.36797686949159,-6.0009190117629885
1010,37.370711943307725,-5.99951822321748
1011,37.368567223419845,-6.000268086205278
1012,37.36992439574809,-5.998702601256371
1013,37.370384331611184,-6.00289066942852
1014,37.371419850771574,-6.0028575129051855
1015,37.3687439560446,-6.003266187546079
1016,37.36806667459488,-5.997881591776639
1017,37.370672954701966,-5.998946716772002
1018,37.36963964147125,-5.999808108237953
1019,37.367970057181864,-6.000068210986236
1020,37.368570233303174,-6.003012352927445
1021,37.36826555245421,-6.003448378026717
1022,37.37122716941617,-6.001952379939399
1023,37.36840442483735,-6.003981578736094
1024,37.36961091639247,-6.001184368664365
1025,37.37126462958207,-6.00194535176957
1026,37.37073813928846,-6.0020302015921
1027,37.37110152575927,-6.003142551878327
1028,37.37012217817206,-6.001042191457563
1029,37.37007203598771,-5.997419169734971
1030,37.370633628413756,-6.001308118371734
1031,37.37044541162967,-6.000442289123742
1032,37.369745771784984,-5.998480947150955
1033,37.368996017474906,-6.000869680688978
1034,37.371031424870765,-6.001945129286024
1035,37.368288001921236,-5.998887764055595
1036,37.37114029118551,-6.001373715853144
1037,37.37055729631126,-5.999848661858536
1038,37.368851587184096,-6.000443204229164
1039,37.36945493176733,-6.002213365308714
1040,37.37105471466065,-6.002874702663861
1041,37.36936309278641,-6.000049795367185
1042,37.36917556925547,-5.99916200166602
1043,37.36883463577046,-5.997343589579656
1044,37.36909459800028,-6.003988223085557
1045,37.3703215551383,-6.0005580824632405
1046,37.37023332770991,-6.002837074400243
